title,author,doi,publish_year,biotic_unit,kingdom,scale_in_years,methodology,past_climate,quantitative,past_mechanism,past_scale_in_year,past_effect_size,past_effect_unit
Parasite biodiversity faces extinction and redistribution in a changing climate,"Carlson, Colin J. and Burgio, Kevin R. and Dougherty, Eric R. and Phillips, Anna J. and Bueno, Veronica M. and Clements, Christopher F. and Castaldo, Giovanni and Dallas, Tad A. and Cizauskas, Carrie A. and Cumming, Graeme S. and Dona, Jorge and Harris, Nyeema C. and Jovani, Roger and Mironov, Sergey and Muellerklein, Oliver C. and Proctor, Heather C. and Getz, Wayne M.",10.1126/sciadv.1602422,2017,species,animalia,60,species distribution models with MaxEnt approach,no,no,NA,NA,NA,NA
Too hot for the devil? Did climate change cause the mid-Holocene extinction of the Tasmanian devil Sacrophilus harrisii from mainland Australia?,"Morris, Shane D. and Kearney, Michael R. and Johnson, Christopher N. and Brook, Barry W.",10.1111/ecog.05799,2022,population,animalia,"6,000",microclimate and endotherm model,no,no,NA,NA,NA,NA
The small range and the great threat: extinction risk assessment of the narrow endemism Carabus cychroides under climate change,"Anselmo, L. and Rizzioli, B.",10.1007/s10841-021-00357-0,2022,species,animalia,80,species distribution models with MaxEnt approach,no,no,NA,NA,NA,NA
"Early Human Colonization, Climate Change and Megafaunal Extinction in Madagascar: The Contribution of Genetics in a Framework of Reciprocal Causations","Tofanelli, S. and Bertoncini, S. and Donati, G.",10.3389/fevo.2021.708345,2022,NA,NA,NA,NA,NA,NA,NA,NA,NA,NA
Extinction of endemic taxa as a direct consequence of global climate change,"Monroy-Gamboa, A.G. and Cab-Sulub, L. and ÃƒÂlvarez-CastaÃƒÂ±eda, S.T.",10.12933/therya-22-1210,2022,species,animalia and plantae,NA,ecological niche models with MaxEnt approach,no,no,NA,NA,NA,NA
Accelerated mass extinction in an isolated biota during Late Devonian climate changes,"Pier, J.Q. and Brisson, S.K. and Beard, J.A. and Hren, M.T. and Bush, A.M.",10.1038/s41598-021-03510-6,2021,species,animalia,"800,000",species habitat preferences using proportional abundances of species in combination with metrics that gauge relative temperature sensitivity,no,no,NA,NA,NA,NA
Invasion and Extirpation Potential of Native and Invasive Spartina Species Under Climate Change,"Borges, Francisco O. and Santos, Catarina P. and Paula, Jose R. and Mateos-Naranjo, Enrique and Redondo-Gomez, Susana and Adams, Janine Barbara and Cacador, Isabel and Fonseca, Vanessa F. and Reis-Santos, Patrick and Duarte, Bernardo and Rosa, Rui",10.3389/fmars.2021.696333,2021,species,plantae,80,species distribution models,no,no,NA,NA,NA,NA
Assessing the extinction risk of heterocypris incongruens (Crustacea: Ostracoda) in climate change with sensitivity and uncertainty analysis,"Bellin, N. and Spezzano, R. and Rossi, V.",10.3390/w13131828,2021,population,animalia,30,cohen's general model to simulate egg bank dynamics and extinction rate of clonal lineages using uncertainty analysis,no,no,NA,NA,NA,NA
Climate change aggravates bog species extinctions in the Black Forest (Germany),"Sperle, T. and Bruelheide, H.",10.1111/ddi.13184,2021,population,plantae,40,mean change in occupancy of species using presence/absence data and extinction risk with general additive models,no,no,NA,NA,NA,NA
"Conservation Biogeography of the Terrestrial Mammals in Iran: Diversity Patterns, and Vulnerability to Climate Change and Extinction","Yusefi, G.H.",10.21425/F5FBG49765,2021,species,animalia,50,integrative models using predictors of extinction risk and red list status of species,no,no,NA,NA,NA,NA
"Projected climate change threatens significant range contraction of Cochemiea halei (Cactaceae), an island endemic, serpentine-adapted plant species at risk of extinction","Breslin, P.B. and Wojciechowski, M.F. and Albuquerque, F.",10.1002/ece3.6914,2020,species,plantae,50,habitat suitability of focus species using boosted regression trees,no,no,NA,NA,NA,NA
Climate change and the future of endemic flora in the South Western Alps: relationships between niche properties and extinction risk,"Dagnino, D. and Guerrina, M. and Minuto, L. and Mariotti, M.G. and MÃƒÂ©dail, F. and Casazza, G.",10.1007/s10113-020-01708-4,2020,species,plantae,60,species distribution models,no,no,NA,NA,NA,NA
Extinction risk assessment of a Patagonian ungulate using population dynamics models under climate change scenarios,"Riquelme, C. and Estay, S.A. and Contreras, R. and Corti, P.",10.1007/s00484-020-01971-4,2020,population,animalia,50,extinction risk using simulated population dynamics,yes,no,long-term warming affecting carrying capacity,NA,NA,NA
Climate change forces plankton species to move to get rid of extinction: mathematical modeling approach,"Sekerci, Y.",10.1140/epjp/s13360-020-00800-2,2020,NA,animalia and plantae,NA,differential equation modelling,no,no,NA,NA,NA,NA
"Mid-Cenozoic climate change, extinction, and faunal turnover in Madagascar, and their bearing on the evolution of lemurs","Godfrey, L.R. and Samonds, K.E. and Baldwin, J.W. and Sutherland, M.R. and Kamilar, J.M. and Allfisher, K.L.",10.1186/s12862-020-01628-1,2020,superfamily,animalia,"11,000,000",qualitative,no,no,NA,NA,NA,NA
Quantifying the potential causes of Neanderthal extinction: Abrupt climate change versus competition and interbreeding,"Timmermann, Axel",10.1016/j.quascirev.2020.106331,2020,tribe,animalia,"100,000",Human-Dispersal Model (Modified Fisher-Kolmogorov model),no,no,NA,NA,NA,NA
Climate change and green sea turtle sex ratio - preventing possible extinction,"Blechschmidt, J. and Wittmann, M.J. and BlÃƒÂ¼ml, C.",10.3390/genes11050588,2020,population,animalia,500,individual-based stochastic model,no,no,NA,NA,NA,NA
"Extinction threat to neglected Plinia edulis exacerbated by climate change, yet likely mitigated by conservation through sustainable use","Lima, Valdeir Pereira and Marchioro, Cesar Augusto and Joner, Fernando and Ter Steege, Hans and Siddique, Ilyas",10.1111/aec.12867,2020,species,plantae,50,ecological niche models with MaxEnt approach,no,no,NA,NA,NA,NA
"Relationships between climate change, human environmental impact, and megafaunal extinction inferred from a 4000-year multi-proxy record from a stalagmite from northwestern Madagascar","Railsback, L.B. and Dupont, L.A. and Liang, F. and Brook, G.A. and Burney, D.A. and Cheng, H. and Edwards, R.L.",10.1016/j.quascirev.2020.106244,2020,NA,NA,800,climate proxy evaluation,no,no,NA,NA,NA,NA
Recent responses to climate change reveal the drivers of species extinction and survival,"RomÃƒÂ¡n-Palacios, C. and Wiens, J.J.",10.1073/pnas.1913007117,2020,species,animalia and plantae,50,discriminant analysis of principal components with univariate logistic regression models,no,no,NA,NA,NA,NA
"Habitat transformation and climate change: Implications for the distribution, population status, and colony extinction of Southern Bald Ibis (Geronticus calvus) in southern Africa","Colyn, R.B. and Henderson, C.L. and Altwegg, R. and Smit-Robinson, H.A.",10.1093/condor/duz064,2020,population,animalia,30,species distribution models with MaxEnt approach,no,no,NA,NA,NA,NA
Extinction risks of a Mediterranean neo-endemism complex of mountain vipers triggered by climate change,"Ahmadi, Mohsen and Hemami, Mahmoud-Reza and Kaboli, Mohammad and Malekian, Mansoureh and Zimmermann, Niklaus E.",10.1038/s41598-019-42792-9,2019,species,animalia,50,ecological niche models with multiple approaches combined,no,no,NA,NA,NA,NA
"Sedimentary record from Patagonia, southern Chile supports cosmic-impact triggering of biomass burning, climate change, and megafaunal extinctions at 12.8 ka","Pino, Mario and Abarzua, Ana M. and Astorga, Giselle and Martel-Cea, Alejandra and Cossio-Montecinos, Nathalie and Navarro, R. Ximena and Lira, Maria Paz and Labarca, Rafael and LeCompte, Malcolm A. and Adedeji, Victor and Moore, Christopher R. and Bunch, Ted E. and Mooney, Charles and Wolbach, Wendy S. and West, Allen and Kennett, James P.",10.1038/s41598-018-38089-y,2019,species,animalia,"5,000",qualitative,no,no,NA,NA,NA,NA
Assessment of the extinction risks of medicinal plants in Egypt under climate change by integrating species distribution models and IUCN Red List criteria,"Kaky, E. and Gilbert, F.",10.1016/j.jaridenv.2019.05.016,2019,species,plantae,60,species distribution models with MaxEnt approach,no,no,NA,NA,NA,NA
"Population extinctions driven by climate change, population size, and time since observation may make rare species databases inaccurate","Kaye, T.N. and Bahm, M.A. and Thorpe, A.S. and Gray, E.C. and Pfingsten, I. and Waddell, C.",10.1371/journal.pone.0210378,2019,population,plantae,NA,qualitative,no,no,NA,NA,NA,NA
Probing the limits of evolutionary rescue - Could species threatened by climate change and other stresses avoid extinction through rapid evolution?,"McDermott, A.",10.1073/pnas.1907565116,2019,NA,NA,NA,NA,no,no,NA,NA,NA,NA
"The African Humid Period, rapid climate change events, the timing of human colonization, and megafaunal extinctions in Madagascar during the Holocene: Evidence from a 2m Anjohibe Cave stalagmite","Wang, Lixin and Brook, George A. and Burney, David A. and Voarintsoa, Ny Riavo G. and Liang, Fuyuan and Cheng, Hai and Edwards, R. Lawrence",10.1016/j.quascirev.2019.02.004,2019,NA,NA,"11,000",climate proxy evaluation,no,no,NA,NA,NA,NA
Least concern to endangered: Applying climate change projections profoundly influences the extinction risk assessment for wild Arabica coffee,"Moat, J. and Gole, T.W. and Davis, A.P.",10.1111/gcb.14341,2019,population,plantae,80,ensemble species distribution models with multiple methods,no,no,NA,NA,NA,NA
"Thermal ecology and extinction risk due to climate change of Gonatodes concinnatus (Squamata: Sphaerodactylidae), an endemic lizard from western Amazonia [EcologÃƒÂ­a tÃƒÂ©rmica y riesgo de extinciÃƒÂ³n ante el cambio climÃƒÂ¡tico de Gonatodes concinnatus (Squamata: Sphaerodactylidae), una lagartija endÃƒÂ©mica de la AmazonÃƒÂ­a occidental]","Altamirano-Benavides, M.A. and DomÃƒÂ­nguez-Guerrero, S.F. and MuÃƒÂ±oz-Nolasco, F.J. and Arenas-Moreno, D.M. and Santos-Bibiano, R. and PÃƒÂ©rez, R.G.-T. and Lozano-Aguilar, L.E. and Fierro-Estrada, N. and Gandarilla-Aizpuro, F.J. and Woolrich-PiÃƒÂ±a, G.A. and MartÃƒÂ­nez-MÃƒÂ©ndez, N. and Lara-ResÃƒÂ©ndiz, R.A. and MÃƒÂ©ndez-De La Cruz, F.R.",10.22201/IB.20078706E.2019.90.2824,2019,population,animalia,50,mechanistic and correlative model,no,no,NA,NA,NA,NA
Extinction risk of narrowly distributed species of seed plants in Brazil due to habitat loss and climate change,"Cardoso da Silva, Jose Maria and Rapini, Alessandro and Barbosa, Luis Claudio F. and Torres, Roger R.",10.7717/peerj.7333,2019,species,plantae,NA,extinction risk matrix combining habitat loss and climate change risk,no,no,NA,NA,NA,NA
Climate change causes upslope shifts and mountaintop extirpations in a tropical bird community,"Freeman, B.G. and Scholer, M.N. and Ruiz-Gutierrez, V. and Fitzpatrick, J.W.",10.1073/pnas.1804224115,2018,population,animalia,NA,NA,no,no,NA,NA,NA,NA
An empirical test of the relative and combined effects of land-cover and climate change on local colonization and extinction,"Yalcin, S. and Leroux, S.J.",10.1111/gcb.14169,2018,species,animalia,20,generalized linear models with a binomial error structure and a logit link,yes,no,lagged extinction response to climate change,NA,NA,NA
Climate change accelerates local disease extinction rates in a long-term wild hostÃ¢â‚¬â€œpathogen association,"Zhan, J. and Ericson, L. and Burdon, J.J.",10.1111/gcb.14111,2018,metapopulation,plantae and fungi,25,multiple regression analysis and general linear models,no,no,NA,NA,NA,NA
Plasticity reveals hidden resistance to extinction under climate change in the global hotspot of salamander diversity,"Riddell, E.A. and Odom, J.P. and Damm, J.D. and Sears, M.W.",10.1126/sciadv.aar5471,2018,species,animalia,80,species distribution models,no,no,NA,NA,NA,NA
"Climate change, thermal niches, extinction risk and maternal-effect rescue of toad-headed lizards, Phrynocephalus, in thermal extremes of the Arabian Peninsula to the QinghaiÃ¢â‚¬â€Tibetan Plateau","Sinervo, B. and Miles, D.B. and Yayong, W.U. and MÃƒÂ©ndez-De La Cruz, F.R. and Kirchhof, S. and Yin, Q.I.",10.1111/1749-4877.12315,2018,species,animalia,50,general linear models with binomial link-logit function and extinction-risk functions,yes,no,baseline climate buffer species from climate warming,NA,NA,NA
Climate change-driven extinctions of tree species affect forest functioning more than random extinctions,"GarcÃƒÂ­a-ValdÃƒÂ©s, R. and Bugmann, H. and Morin, X.",10.1111/ddi.12744,2018,species,plantae,2000,forest succession model,yes,no,"climate change triggered early extinction of key species, rendering the remaining communities more susceptible to further climate change",NA,NA,NA
Long-term monitoring of an amphibian community after a climate change- and infectious disease-driven species extirpation,"Bosch, Jaime and Fernandez-Beaskoetxea, Saioa and Garner, Trenton W. J. and Maria Carrascal, Luis",10.1111/gcb.14092,2018,species,animalia,18,AutoRegressive Integrated Moving Average (ARIMA) models,no,no,NA,NA,NA,NA
Correlates of ecological-niche diversity and extinction risk of amphibians in China under climate change,"Chen, Y. and Escalante, T.",10.1071/SB17001,2018,species,animalia,70,ensemble species distribution models with multiple methods,no,no,NA,NA,NA,NA
"Climate change change risks, extinction debt, and conservation implications for a threatened freshwater fish: Carmine shiner (Notropis percobromus)","Pandit, Shubha N. and Maitland, Bryan M. and Pandit, Laxmi K. and Poesch, Mark S. and Enders, Eva C.",10.1016/j.scitotenv.2017.03.228,2017,species,animalia,19,"species distribution models with MaxEnt, BIOCLIM and DOMAIN approaches",no,no,NA,NA,NA,NA
Are whooping cranes destined for extinction? Climate change imperils recruitment and population growth,"Butler, M.J. and Metzger, K.L. and Harris, G.M.",10.1002/ece3.2892,2017,population,animalia,50,logistic regression with LASSO procedure,yes,yes,wintering ground parameters from the previous year affects recruitment,1,1.068 +- 0.313 (55)/ 0.011 +- 0.009 (55)/ -0.011 +- 0.011 (55),unstandardized beta coefficient plus minus standard deviation and nr of samples in brackets
South African mouse shrews (Myosorex) feel the heat: using species distribution models (SDMs) and IUCN Red List criteria to flag extinction risks due to climate change,"Taylor, P.J. and Ogony, L. and Ogola, J. and Baxter, R.M.",10.1007/s13364-016-0291-z,2017,species,animalia,50,species distribution models with GLM and MaxEnt approaches,no,no,NA,NA,NA,NA
"Climate change, human overkill, and the extinction of megafauna: a macroecological approach based on pattern-oriented modelling","Lima-Ribeiro, Matheus S. and Diniz-Filho, Jose Alexandre F.",evolutionary-ecology.com/issues/v18/n01/hhar3014.pdf,2017,species,animalia,"15,000",ecological niche models with a pattern-oriented modelling approach,no,no,NA,NA,NA,NA
The Bramble Cay melomys Melomys rubicola (Rodentia:Muridae): a first mammalian extinction caused by human-induced climate change?,"Waller, Natalie L. and Gynther, Ian C. and Freeman, Alastair B. and Lavery, Tyrone H. and Leung, Luke K. -P.",10.1071/WR16157,2017,species,animalia,3,detection surveys,no,no,NA,NA,NA,NA
Persistence versus extinction for two competing species under a climate change,"Zhang, Z. and Wang, W. and Yang, J.",10.15388/NA.2017.3.1,2017,NA,NA,NA,NA,NA,NA,NA,NA,NA,NA
Extinction debt from climate change for frogs in the wet tropics,"Fordham, Damien A. and Brook, Barry W. and Hoskin, Conrad J. and Pressey, Robert L. and VanDerWal, Jeremy and Williams, Stephen E.",10.1098/rsbl.2016.0236,2016,population,animalia and plantae,180,"bioclimatic envelope models with species–area relationships, coupled with ecological niche-population models",no,no,NA,NA,NA,NA
Integrating copper toxicity and climate change to understand extinction risk to two species of pond-breeding anurans,"Weir, S.M. and Scott, D.E. and Salice, C.J. and Lance, S.L.",10.1890/15-1082,2016,species,animalia,NA,population models using projection matrices,no,no,NA,NA,NA,NA
Graptolite community responses to global climate change and the late ordovician mass extinction,"Sheets, H.D. and Mitchell, C.E. and Melchin, M.J. and Loxton, J. and Ã…Â torch, P. and Carlucci, K.L. and Hawkins, A.D.",10.1073/pnas.1602102113,2016,population,animalia,NA,biotope affinity analysis using presence/absence data through a Bayesian approach,no,no,NA,NA,NA,NA
Global climate change driven by soot at the K-Pg boundary as the cause of the mass extinction,"Kaiho, K. and Oshima, N. and Adachi, K. and Adachi, Y. and Mizukami, T. and Fujibayashi, M. and Saito, R.",10.1038/srep28427,2016,NA,NA,NA,coupled atmosphere-ocean global climate model (MRI-CGCM3),no,no,NA,NA,NA,NA
De-extinction potential under climate change: Extensive mismatch between historic and future habitat suitability for three candidate birds,"Peers, M.J.L. and Thornton, D.H. and Majchrzak, Y.N. and Bastille-Rousseau, G. and Murray, D.L.",10.1016/j.biocon.2016.03.003,2016,species,animalia,75,environmental suitability analysis,no,no,NA,NA,NA,NA
Freshwater Swamp Forest Trees of Bangladesh Face Extinction Risk from Climate Change,"Deb, Jiban Chandra and Rahman, H. M. Tuihedur and Roy, Anindita",10.1007/s13157-016-0741-z,2016,species,plantae,54,Species distribution models using MaxEnt approach,no,no,NA,NA,NA,NA
Niche overlap and host specificity in parasitic Maculinea butterflies (Lepidoptera: Lycaenidae) as a measure for potential extinction risks under climate change,"Filz, K.J. and Schmitt, T.",10.1007/s13127-015-0210-1,2015,species,animalia,75,correlative species distribution and niche models using MaxEnt approach,no,no,NA,NA,NA,NA
The relative impact of climate change on the extinction risk of tree species in the montane tropical Andes,"Garavito, N.T. and Newton, A.C. and Golicher, D. and Oldfield, S.",10.1371/journal.pone.0131388,2015,species,plantae,75,"species distribution models using generalized additive models, recursive partitioning and support vector machines",no,no,NA,NA,NA,NA
"Human harvest, climate change and their synergistic effects drove the Chinese Crested Tern to the brink of extinction","Chen, S. and Fan, Z. and Roby, D.D. and Lu, Y. and Chen, C. and Huang, Q. and Cheng, L. and Zhu, J.",10.1016/j.gecco.2015.06.006,2015,species,animalia ,NA,linear regression,no,no,NA,NA,NA,NA
Extinction risks from climate change: How will climate change affect global biodiversity?,"Lambers, J.H.R.",10.1126/science.aab2057,2015,NA,NA,NA,NA,NA,NA,NA,NA,NA,NA
Accelerating extinction risk from climate change,"Urban, M.C.",10.1126/science.aaa4984,2015,NA,NA,NA,NA,NA,NA,NA,NA,NA,NA
Drivers of freshwater fish colonisations and extirpations under climate change,"Conti, L. and Comte, L. and Hugueny, B. and Grenouillet, G.",10.1111/ecog.00753,2015,species,animalia,76,"species distribution models using multiple approaches (GLM, GAM, MARS, MDA, RF, GBM, ANN)",no,no,NA,NA,NA,NA
Discovered just before extinction? The first endemic ant from the Balearic Islands (Lasius balearicus sp nov.) is endangered by climate change,"Talavera, Gerard and Espadaler, Xavier and Vila, Roger",10.1111/jbi.12438,2015,species,animalia,75,"species distribution models using multiple approaches (GLM, GAM, FDA, MARS, CTA, GBM, RF, MaxEnt)",no,no,NA,NA,NA,NA
Adaptive capacity of 50 species at a potentially high risk of extinction under climate change conditions in Germany [AnpassungskapazitÃƒÂ¤t von 50 Arten mit potenziell hohem Aussterberisiko gegenÃƒÂ¼ber dem Klimawandel in Deutschland],"Kerth, G. and Fischer, K. and Fleischer, T. and Limberg, J. and BlÃƒÂ¼thgen, N. and Dworschak, K. and Dittrich, C. and RÃƒÂ¶del, M.-O. and Obermaier, E.",10.17433/1.2015.50153315.17-24,2015,NA,NA,NA,NA,NA,NA,NA,NA,NA,NA
Fossils reject climate change as the cause of extinction of Caribbean bats,"Soto-Centeno, J.A. and Steadman, D.W.",10.1038/srep07971,2015,species,animalia,"6,000",ecological niche models using MaxEnt approach,no,no,NA,NA,NA,NA
Separating sensitivity from exposure in assessing extinction risk from climate change,"Dickinson, M.G. and Orme, C.D.L. and Suttle, K.B. and Mace, G.M.",10.1038/srep06898,2014,species,animalia,36,"climate breadth analyses using ""assessment of sensitivity on the volume occupied by a species' range within the climate space, where a large volume indicates low sensitivity""",no,no,NA,NA,NA,NA
Synergistic effects of climate change and harvest on extinction risk of American ginseng,"Souther, S. and Mcgraw, J.B.",10.1890/13-0653.1,2014,population,plantae,70,"population projection matrices using Tuljapurkar’s approximation, population viability analyses and extinction risk analyses",yes,no,legacy effect through removal of individuals,NA,NA,NA
Demographic consequences of climate change and land cover help explain a history of extirpations and range contraction in a declining snake species,"Pomara, L.Y. and Ledee, O.E. and Martin, K.J. and Zuckerberg, B.",10.1111/gcb.12510,2014,population,animalia,60,binomial GLMs with link-logit function,yes,no,drought conditions in the preceding winter,1,NA,NA
Extinction in Eden: identifying the role of climate change in the decline of the koala in south-eastern NSW,"Lunney, Daniel and Stalenberg, Eleanor and Santika, Truly and Rhodes, Jonathan R.",10.1071/WR13054,2014,population,animalia,35,logistic-regression species-distribution models,yes,no,the effect of habitat loss on biological populations depends on current and historical climatic conditions,NA,NA,NA
Climate change and human disturbance can lead to local extinction of Alpine rock ptarmigan: New insight from the Western Italian Alps,"Imperio, S. and Bionda, R. and Viterbi, R. and Provenzale, A.",10.1371/journal.pone.0081598,2013,population,animalia,37,"Gaussian GLMs using a modified Gompertz population model, based on approximations from Kalman-filtered population density",yes,yes,the early appearance of snow-free ground in the previous spring had a favorable effect on the rock ptarmigan population,1,"-0.19±0.04, -0.19±0.04, -0.19±0.04, -0.19±0.04, -0.20±0.04, -0.18±0.04, -0.19±0.04, -0.14±0.04, -0.17±0.05, -0.18±0.04, -0.18±0.04, -0.19±0.04, -0.18±0.04, -0.17±0.04, -0.18±0.04, -0.17±0.04, -0.18±0.04 ","unstandardized beta coefficient, sample size = 15"
Emergence and extinction of Dipterocarpaceae in western India with reference to climate change: Fossil wood evidences,"Shukla, A. and Mehrotra, R.C. and Guleria, J.S.",10.1007/s12040-013-0341-8,2013,family,plantae,NA,NA,no,no,NA,NA,NA,NA
Red noise increases extinction risk during rapid climate change,"Mustin, Karen and Dytham, Calvin and Benton, Tim G. and Travis, Justin M. J.",10.1111/ddi.12038,2013,NA,NA,NA,NA,NA,NA,NA,NA,NA,NA
Extinction risk in cloud forest fragments under climate change and habitat loss,"Ponce-Reyes, Rocio and Nicholson, Emily and Baxter, Peter W. J. and Fuller, Richard A. and Possingham, Hugh P.",10.1111/ddi.12064,2013,metapopulation,animalia,67,"species distribution models with MaxEnt approach, extinction risk analyses and fragmentation risk analyses of regions",no,no,NA,NA,NA,NA
Extinction debt of high-mountain plants under twenty-first-century climate change,"Dullinger, Stefan and Gattringer, Andreas and Thuiller, Wilfried and Moser, Dietmar and Zimmermann, Niklaus E. and Guisan, Antoine and Willner, Wolfgang and Plutzar, Christoph and Leitner, Michael and Mang, Thomas and Caccianiga, Marco and Dirnboeck, Thomas and Ertl, Siegrun and Fischer, Anton and Lenoir, Jonathan and Svenning, Jens-Christian and Psomas, Achilleas and Schmatz, Dirk R. and Silc, Urban and Vittoz, Pascal and Huelber, Karl",10.1038/NCLIMATE1514,2012,species,plantae,88,hybrid model with coupled environmental habitat niche-shifts and mechanistic demographic and seed dispersal simulations,no,no,NA,NA,NA,NA
The sea-skater Halobates (Heteroptera: Gerridae) - probable cause for extinction in the Mediterranean and potential for re-colonisation following climate change,"Cheng, Lanna and Damgaard, Jakob and Garrouste, Romain",10.1080/01650424.2012.643024,2012,genus,animalia,NA,NA,NA,NA,NA,NA,NA,NA
On a collision course: Competition and dispersal differences create no-analogue communities and cause extinctions during climate change,"Urban, M.C. and Tewksbury, J.J. and Sheldon, K.S.",10.1098/rspb.2011.2367,2012,species,animalia and plantae,100,"thermal performance curves, thermal performance breadth, changes in community composition and extinction risks",yes,no,lags in climate change responses arising from competition,NA,NA,NA
"Climate change, heightened hurricane activity, and extinction risk for an endangered tropical seabird, the black-capped petrel Pterodroma hasitata","Hass, T. and Hyman, J. and Semmens, B.X.",10.3354/meps09723,2012,species,animalia,100,binomial response (logit link) models,no,no,NA,NA,NA,NA
Climate change and the selective signature of the Late Ordovician mass extinction,"Finnegan, Seth and Heim, Noel A. and Peters, Shanan E. and Fischer, Woodward W.",10.1073/pnas.1117039109,2012,multiple,animalia,"6,000,000",nested logistic regression models,no,no,NA,NA,NA,NA
Did central Australian megafaunal extinction coincide with abrupt ecosystem collapse or gradual climate change?,"Murphy, Brett P. and Williamson, Grant J. and Bowman, David M. J. S.",10.1111/j.1466-8238.2011.00668.x,2012,species,animalia,NA,Bayesian change point detection algorithm and generalized linear least-squares model to examine parameters,no,no,NA,NA,NA,NA
Comparing climate change and species invasions as drivers of coldwater fish population extirpations,"Sharma, S. and Vander Zanden, M.J. and Magnuson, J.J. and Lyons, J.",10.1371/journal.pone.0022906,2011,population,animalia,89,logistic regression to model occurrences with environmental data,no,no,NA,NA,NA,NA
Recent ecological responses to climate change support predictions of high extinction risk,"Maclean, Ilya M. D. and Wilson, Robert J.",10.1073/pnas.1017352108,2011,NA,NA,NA,NA,no,no,NA,NA,NA,NA
"Late Pleistocene climate change, nutrient cycling, and the megafaunal extinctions in North America","Faith, J.T.",10.1016/j.quascirev.2011.03.011,2011,genus,fungi,NA,NA,no,no,NA,NA,NA,NA
Extinction of water plants in the Hula Valley: Evidence for climate change,"Melamed, Yoel and Kislev, Mordechai and Weiss, Ehud and Simchoni, Orit",10.1016/j.jhevol.2010.07.025,2011,species,plantae,NA,NA,no,no,NA,NA,NA,NA
Land-use and climate change effects on population size and extinction risk of Andean plants,"Feeley, K.J. and Silman, M.R.",10.1111/j.1365-2486.2010.02197.x,2010,species,plantae,100,density distribution (unclear),no,no,NA,NA,NA,NA
"Environmental niche plasticity of the endemic gecko Phelsuma parkeri Loveridge 1941 from Pemba Island, Tanzania: A case study of extinction risk on flat islands by climate change","RÃƒÂ¶dder, D. and Hawlitschek, O. and Glaw, F.",NA,2010,species,animalia,70,climate envelope model using maxent approach,no,no,NA,NA,NA,NA
Timing of Quaternary megafaunal extinction in South America in relation to human arrival and climate change,"Barnosky, A.D. and Lindsey, E.L.",10.1016/j.quaint.2009.11.017,2009,multiple,animalia,NA,NA,no,no,NA,NA,NA,NA
"Requiem for a river: Extinctions, climate change and the last of the yangtze","Dudgeon, D.",10.1002/aqc.1098,2010,NA,NA,NA,NA,no,no,NA,NA,NA,NA
The Phytogeography of the extinct angiosperm Nordenskioeldia (Trochodendraceae) and its response to climate changes,"Wang, Y.-H. and Ferguson, D.K. and Feng, G.-P. and Wang, Y.-F. and Zhilin, S.G. and Li, C.-S. and Svetlana, P.-T. and Yang, J. and Ablaev, A.G.",10.1016/j.palaeo.2009.05.019,2009,genus,plantae,NA,NA,no,no,NA,NA,NA,NA
Neanderthal extinction and modern human behaviour: The role of climate change and clothing,"Gilligan, I.",10.1080/00438240701680492,2007,species,animalia,NA,NA,no,no,NA,NA,NA,NA
Short-term climate change and the extinction of the snail Rhachistia aldabrae (Gastropoda: Pulmonata),"Gerlach, J.",10.1098/rsbl.2007.0316,2007,species,animalia,55,linear regression,no,no,NA,NA,NA,NA
"Initial speleothem results from western Flores and eastern Java, Indonesia: Were climate changes from 47 to 5 ka responsible for the extinction of Homo floresiensis?","Westaway, K.E. and Zhao, J.-X. and Roberts, R.G. and Chivas, A.R. and Morwood, M.J. and Sutikna, T.",10.1002/jqs.1122,2007,multiple,animalia,"42,000","isotope analysis , correlation tests, Hendy's Test (?)",no,no,NA,NA,NA,NA
"Using population viability analysis to predict the effects of climate change on the extinction risk of an endangered limestone endemic shrub, Arizona cliffrose","Maschinski, J. and Baggs, J.E. and Quintana-Ascencio, P.F. and Menges, E.S.",10.1111/j.1523-1739.2006.00272.x,2006,species,plantae,150,population viability analysis using POPPROJ statistical framework,no,no,NA,NA,NA,NA
Predicting extinctions as a result of climate change,"Schwartz, Mark W. and Iverson, Louis R. and Prasad, Anantha M. and Matthews, Stephen N. and O'Connor, Raymond J.",10.1890/0012-9658(2006)87{[}1611:PEAARO]2.0.CO;2,2006,species,plantae and animalia,NA,species distribution range modelling using joint climate and environmental models (Hadley HADCM2SUL model),no,no,NA,NA,NA,NA
Reducing uncertainty in projections of extinction risk from climate change,"Araujo, MB and Whittaker, RJ and Ladle, RJ and Erhard, M",10.1111/j.1466-822x.2005.00182.x,2005,species,animalia,25,"species distribution modelling using BIOMOD in s-plus - GLM's (linear, quadratic, polynomial), GAM (cubic smooth splines), CTA and feed-forward artificial neural networks (ANN)",no,no,NA,NA,NA,NA
"The view from the cape: Extinction risk, protected areas, and climate change","Hannah, L. and Midgley, G. and Hughes, G. and Bomhard, B.",10.1641/0006-3568(2005)055[0231:TVFTCE]2.0.CO;2,2005,species,plantae,45,NA,no,no,NA,NA,NA,NA
Corals' adaptive response to climate change: Shifting to new algal symbionts may safeguard devastated reefs from extinction,"Baker, A.C. and Starger, C.J. and McClanahan, T.R. and Glynn, P.W.",10.1038/430741a,2004,NA,NA,NA,NA,NA,NA,NA,NA,NA,NA
Correlated terrestrial and marine evidence for global climate changes before mass extinction at the Cretaceous-Paleogene boundary,"Wilf, P. and Johnson, K.R. and Huber, B.T.",10.1073/pnas.0234701100,2003,multiple,plantae,"1,100,000",palaeomagnetic stratigraphy in combination with palaeoclimatic data from foraminifera,no,no,NA,NA,NA,NA
Climate change hastens population extinctions,"McLaughlin, J.F. and Hellmann, J.J. and Boggs, C.L. and Ehrlich, P.R.",10.1073/pnas.052131199,2002,species,animalia,60,mixed endogenous/extrogenous models,no,no,NA,NA,NA,NA
"Climate change, plant extinctions and vegetational recovery during the middle-late Pennsylvanian transition: The case of tropical peatforming environments in North America","Dimichele, W.A. and Phillips, T.L.",10.1144/GSL.SP.1996.001.01.14,1996,population,plantae,NA,NA,no,no,NA,NA,NA,NA
Late Pennsylvanian climate changes and palynomorph extinctions,"Kosanke, R.M. and Cecil, C.B.",10.1016/0034-6667(95)00027-5,1996,multiple,chromista,NA,NA,no,no,NA,NA,NA,NA
What can we learn from extinctions and invasions about the effects of climate change?,"Bond, W.J. and Richardson, D.M.",NA,1990,NA,plantae,NA,NA,no,no,NA,NA,NA,NA
Abrupt climate change and extinction events in earth history,"Crowley, T.J. and North, G.R.",10.1126/science.240.4855.996,1988,NA,NA,NA,NA,no,no,NA,NA,NA,NA
"Temperature stress and disease drives the extirpation of the threatened pillar coral, Dendrogyra cylindrus, in southeast Florida","Jones, N.P. and Kabay, L. and Semon Lunz, K. and Gilliam, D.S.",10.1038/s41598-021-93111-0,2021,species,animalia,NA,GLM with quasi-binomial distribution and GLMM,no,no,NA,NA,NA,NA
Rise in temperature causes decreased fitness and higher extinction risks in endemic frogs at high altitude forested wetlands in northern Pakistan,"Saeed, M. and Rais, M. and Gray, R.J. and Ahmed, W. and Akram, A. and Gill, S. and Fareed, G.",10.1016/j.jtherbio.2020.102809,2021,NA,NA,NA,NA,NA,NA,NA,NA,NA,NA
Extinction probabilities as a function of temperature for populations of tsetse (Glossina spp.),"Are, E.B. and Hargrove, J.W.",10.1371/journal.pntd.0007769,2020,genus,animalia,NA,extinction risk probability using a (self-constructed) mathematical branching process modelling approach,no,no,NA,NA,NA,NA
A minimalist model of extinction and range dynamics of virtual mountain species driven by warming temperatures,"Giezendanner, J. and Bertuzzo, E. and Pasetto, D. and Guisan, A. and Rinaldo, A.",10.1371/journal.pone.0213775,2019,metapopulation,NA,NA,NA,NA,NA,NA,NA,NA,NA
Temperature-dependent hypoxia explains biogeography and severity of end-Permian marine mass extinction,"Penn, J.L. and Deutsch, C. and Payne, J.L. and Sperling, E.A.",10.1126/science.aat1327,2018,metaspecies,animalia,"3,000",Community Earth System Model,no,no,NA,NA,NA,NA
The effect of sexual selection on adaptation and extinction under increasing temperatures,"Parrett, J.M. and Knell, R.J.",10.1098/rspb.2018.0303,2018,population,animalia,NA,NA,no,no,NA,NA,NA,NA
Tetrapod distribution and temperature rise during the Permian-Triassic mass extinction,"Bernardi, Massimo and Petti, Fabio Massimo and Benton, Michael J.",10.1098/rspb.2017.2331,2018,subclade,animalia,"15,000,000",LMM,no,no,NA,NA,NA,NA
Spatial extinction or persistence: landscape-temperature interactions perturb predatorÃ¢â‚¬â€œprey dynamics,"Salt, J.L. and Bulit, C. and Zhang, W. and Qi, H. and Montagnes, D.J.S.",10.1111/ecog.02378,2017,population,protozoa,0.002739726,microcosm - ANOVA,no,no,NA,NA,NA,NA
Limited tolerance by insects to high temperatures across tropical elevational gradients and the implications of global warming for extinction,"GarcÃƒÂ­a-Robledo, C. and Kuprewicz, E.K. and Staines, C.L. and Erwin, T.L. and Kress, W.J.",10.1073/pnas.1507681113,2016,species,animalia,0.0000001902587,thermal tolerance experiment,no,no,NA,NA,NA,NA
Differential effects of temperature change and human impact on European Late Quaternary mammalian extinctions,"Varela, Sara and Lima-Ribeiro, Matheus Souza and Felizola Diniz-Filho, Jose Alexandre and Storch, David",10.1111/gcb.12763,2015,species,animalia,"21,000",range-size differences between LGM and recent,yes,yes,grouping into temperature adapted ecotypes,"8,000",0.8,"pearson's product moment correlation coefficient with t=8.324, df=38,  n=273, and p < 0.0001"
High temperature and low oxygen perturbations drive contrasting benthic recovery dynamics following the end-Permian mass extinction,"Pietsch, C. and Mata, S.A. and Bottjer, D.J.",10.1016/j.palaeo.2014.02.011,2014,genus,animalia,"4,000,000",qualitative,no,no,NA,NA,NA,NA
The early Toarcian (early Jurassic) ostracod extinction events in the Iberian Range: The effect of temperature changes and prolonged exposure to low dissolved oxygen concentrations,"Arias, C.",10.1016/j.palaeo.2013.07.004,2013,species,animalia,"1,000,000",qualitative,no,no,NA,NA,NA,NA
Seawater temperature and carbon isotope variations in belemnites linked to mass extinction during the Toarcian (Early Jurassic) in Central and Northern Spain. Comparison with other European sections,"GÃƒÂ³mez, J.J. and Goy, A. and Canales, M.L.",10.1016/j.palaeo.2007.11.005,2008,assemblage,animalia,"500,000",qualitative,no,no,NA,NA,NA,NA
"A long-term association between global temperature and biodiversity, origination and extinction in the fossil record","Mayhew, Peter J. and Jenkins, Gareth B. and Benton, Timothy G.",10.1098/rspb.2007.1302,2008,genus,animalia and protozoa,"6,000,000",pearson correlation on detrended time series,yes,yes,lagged correlation of temperature on standing diversity,"10,000,000","-0.512, -0.376, -0.166, -0.427, -0.474, -0.414, -0.009, -0.182, -0.190, -0.497, -0.361, -0.497, -0.361",pearson correlation coefficient
Simulation and experiment of extinction or adaptation of biological species after temperature changes,"Stauffer, D. and Arndt, H.",10.1142/S0129183105007194,2005,population,protozoa,0.03932585,biological experiment,no,no,NA,NA,NA,NA
El NiÃƒÂ±o-Southern Oscillation mass mortalities of reef corals: A model of high temperature marine extinctions?,"Glynn, P.W.",10.1144/GSL.SP.2000.178.01.09,2000,species,animalia,0.08707866,qualitative,no,no,NA,NA,NA,NA
The influence of temperature model assumptions on the prognosis accuracy of extinction risk,"Griebeler, E.M. and Gottschalk, E.",10.1016/S0304-3800(00)00373-2,2000,species ,animalia,1,stochastic individual based model,yes,yes,lagged day-to-day autocorrelation,1,"0.98, 0.898, 0.248, 0.242, 0.271, 0.343",autocorrelation coefficient
Temperature and extinction in the sea: A physiologists view,"Clarke, A.",10.1017/S0094837300014111,1993,species,animalia,"3,000,000",qualitative,no,no,NA,NA,NA,NA
Role of temperature and nutrients in extinction of turritelline gastropods: Cenozoic of the northwestern Atlantic and northeastern Pacific,"Allmon, W.D.",10.1016/0031-0182(92)90134-Q,1992,species,animalia,"6,000,000",correlation,no,no,NA,NA,NA,NA
Temperature-dependent sex determination in dinosaurs? Implications for population dynamics and extinction,"Paladino, F.V. and Dodson, P. and Hammond, J.K. and Spotila, J.R.",10.1130/SPE238-p63,1989,species,animalia,100,sex determinination,no,no,NA,NA,NA,NA
Causation and nonrandomness in biological and geological time series: temperature as a proximal control of extinction and diversity,"McKinney, M.L. and Oyen, C.W.",10.2307/3514729,1989,species,animalia,"6,000,000",correlation,no,no,NA,NA,NA,NA
"Extinction of Late Eocene to Oligocene molluscs: relationship to shelf area, temperature changes, and impact events.","Hansen, T.A.",10.2307/3514573,1987,species,animalia ,"6,000,000",correlation,no,no,NA,NA,NA,NA
Elimination of extinction by a temperature gradient,"Seiler, P. and Dunitz, J.D.",10.1107/S0567739478000595,1978,NA,NA,NA,NA,NA,NA,NA,NA,NA,NA
Critical ambient temperature for extinction in young rats of an instrumentally conditioned response acquired at an ambient temperature of 40 Ã‚Â± 1Ã‚Â°C [TEMPERATURE AMBIANTE CRITIQUE POUR L'EXTINCTION DU CONDITIONNEMENT INSTRUMENTAL ACQUIS PAR LE JEUNE RAT A LA TEMPERATURE AMBIANTE DE 40 Ã‚Â± 1Ã‚Â°C],"Rapaport, A.",NA,1974,NA,NA,NA,NA,NA,NA,NA,NA,NA,NA
The variation of the extinction-coefficient with temperature,"Mukerji, B.K. and Bhattacharji, A.K. and Dhar, N.R.",10.1021/j150294a005,2002,NA,NA,NA,NA,NA,NA,NA,NA,NA,NA
Geochemical Records Reveal Protracted and Differential Marine Redox Change Associated With Late Ordovician Climate and Mass Extinctions,"Kozik, Nevin P. and Gill, Benjamin C. and Owens, Jeremy D. and Lyons, Timothy W. and Young, Seth A.",10.1029/2021AV000563,2022,NA,NA,"6,000,000",qualitative,no,no,NA,NA,NA,NA
Understanding extinction risk and resilience in an extremely small population facing climate and ecosystem change,"Bakker, Victoria J. and Doak, Daniel F. and Ferrara, Francesca J.",10.1002/ecs2.3724,2021,population,animalia,1,correlation,no,no,NA,NA,NA,NA
Extinction risk of North American seed plants elevated by climate and land-use change,"Zhang, Jian and Nielsen, Scott E. and Chen, Youhua and Georges, Damien and Qin, Yuchu and Wang, Si-Shuo and Svenning, Jens-Christian and Thuiller, Wilfried",10.1111/1365-2664.12701,2017,species,plantae,0.08707866,sdm,no,no,NA,NA,NA,NA
"Climate Change, Extinction Risks, and Reproduction of Terrestrial Vertebrates","Carey, Cynthia",10.1007/978-1-4939-0820-2\_3,2014,species,animalia,1,qualitative,no,no,NA,NA,NA,NA
Incorporating Climate and Ocean Change into Extinction Risk Assessments for 82 Coral Species,"Brainard, Russell E. and Weijerman, Mariska and Eakin, C. Mark and Mcelhany, Paul and Miller, Margaret W. and Patterson, Matt and Piniak, Gregory A. and Dunlap, Matthew J. and Birkeland, Charles",10.1111/cobi.12171,2013,species,animalia,80,qualitative,no,no,NA,NA,NA,NA
"Niche syndromes, species extinction risks, and management under climate change","Sax, Dov F. and Early, Regan and Bellemare, Jesse",10.1016/j.tree.2013.05.010,2013,species,plantae,1,qualitative,yes,no,time lags,NA,NA,NA
The evidence for and against astronomical impacts on climate change and mass extinctions: a review,"Bailer-Jones, C. A. L.",10.1017/S147355040999005X,2009,genus,animalia,"6,000,000",qualitative,no,no,NA,NA,NA,NA
"Synergies between climate change, extinctions and invasive vertebrates","Brook, Barry W.",10.1071/WR07116,2008,population,animalia,100,qualitative,no,no,NA,NA,NA,NA
"TEMPERATURE TOLERANCES IN THE AMERICAN ALLIGATOR AND THEIR BEARING ON THE HABITS, EVOLUTION, AND EXTINCTION OF THE DINOSAURS","COLBERT, EH and COWLES, RB and BOGERT, CM",NA,1946,individuals,animalia,0.0000003805174,biological experiment,no,no,NA,NA,NA,NA
Late Ordovician climate change and extinctions driven by elevated volcanic nutrient supply,"Longman, Jack and Mills, Benjamin J. W. and Manners, Hayley R. and Gernon, Thomas M. and Palmer, Martin R.",10.1038/s41561-021-00855-5,2021,NA,NA,"5,000,000",qualitative,no,no,NA,NA,NA,NA
Climate change may induce connectivity loss and mountaintop extinction in Central American forests,"Baumbach, L. and Warren, D.L. and Yousefpour, R. and Hanewinkel, M.",10.1038/s42003-021-02359-9,2021,species,plantae,50,sdm,no,no,NA,NA,NA,NA
Treatment of climate change in extinction risk assessments and recovery plans for threatened species,"Naujokaitis-Lewis, Ilona and Endicott, Sarah and Guezen, Jessica",10.1111/csp2.450,2021,species,plantae and animalia,10,qualitative,no,NA,NA,NA,NA,NA
Extinction risk controlled by interaction of long-term and short-term climate change,"Mathes, Gregor H. and van Dijk, Jeroen and Kiessling, Wolfgang and Steinbauer, Manuel J.",10.1038/s41559-020-01377-w,2021,genus,animalia,"6,000,000",GLMM,yes,yes,climate interaction - niche conservatism,"6,000,000",https://raw.githubusercontent.com/Ischi94/pal-int-extinction/master/data/results/effect_intensity.csv,"percentage increase, link to github file with all effect sizes"
"Maladaptation, migration and extirpation fuel climate change risk in a forest tree species","Gougherty, Andrew V. and Keller, Stephen R. and Fitzpatrick, Matthew C.",10.1038/s41558-020-00968-6,2021,population,plantae,100,generalized dissimilarity models and gradient forests,no,no,NA,NA,NA,NA
Endemic Juniperus Montane Species Facing Extinction Risk under Climate Change in Southwest China: Integrative Approach for Conservation Assessment and Prioritization,"Dakhil, Mohammed A. and Halmy, Marwa Waseem A. and Hassan, Walaa A. and El-Keblawy, Ali and Pan, Kaiwen and Abdelaal, Mohamed",10.3390/biology10010063,2021,species,plantae,100,ensemble modelling sdm,no,no,NA,NA,NA,NA
Marine plankton show threshold extinction response to Neogene climate change,"Trubovitz, Sarah and Lazarus, David and Renaudie, Johan and Noble, Paula J.",10.1038/s41467-020-18879-7,2020,species,chromista,"1,000,000",qualitative,no,no,NA,NA,NA,NA
Rapid range shifts and megafaunal extinctions associated with late Pleistocene climate change,"Seersholm, Frederik V. and Werndly, Daniel J. and Grealy, Alicia and Johnson, Taryn and Keenan Early, Erin M. and Lundelius, Ernest L. and Winsborough, Barbara and Farr, Grayal Earle and Toomey, Rickard and Hansen, Anders J. and Shapiro, Beth and Waters, Michael R. and McDonald, Gregory and Linderholm, Anna and Stafford, Jr., Thomas W. and Bunce, Michael",10.1038/s41467-020-16502-3,2020,species,animalia and plantae,"1,000,000",qualitative,no,no,NA,NA,NA,NA
"Climate change strategic narratives in the United Kingdom: Emergency, Extinction, Effectiveness","Bevan, L.D. and Colley, T. and Workman, M.",10.1016/j.erss.2020.101580,2020,NA,NA,100,qualitative,no,no,NA,NA,NA,NA
Climate change and bird extinctions in the Amazon,"de Moraes, Kaue Felippe and Santos, Marcos Persio Dantas and Goncalves, Gabriela Silva Ribeiro and de Oliveira, Geovana Linhares and Gomes, Leticia Braga and Lima, Marcela Guimaraes Moreira",10.1371/journal.pone.0236103,2020,species,animalia ,30,ensemble modelling sdm,no,no,NA,NA,NA,NA
Local extinction risk under climate change in a neotropical asymmetrically dispersed epiphyte,"Acevedo, Miguel A. and Beaudrot, Lydia and Melendez-Ackerman, Elvia J. and Tremblay, Raymond L.",10.1111/1365-2745.13361,2020,species,plantae,0.5,occupation models,no,no,NA,NA,NA,NA
Climate change-induced migration patterns and extinction risks of Theaceae species in China,"Zhang, Yinbo and Meng, Qingxin and Wang, Yuzhuo and Zhang, Xiaolong and Wang, Wei",10.1002/ece3.6202,2020,species,plantae,50,sdm,no,no,NA,NA,NA,NA
Historical records reveal the distinctive associations of human disturbance and extreme climate change with local extinction of mammals,"Wan, Xinru and Jiang, Guangshun and Yan, Chuan and He, Fangliang and Wen, Rongsheng and Gu, Jiayin and Li, Xinhai and Ma, Jianzhang and Stenseth, Nils Chr. and Zhang, Zhibin",10.1073/pnas.1818019116,2019,species,animalia,50,logistic GAM,no,no,NA,NA,NA,NA
Additive effects of climate change and human hunting explain population decline and extinction in cave bears,"Mondanaro, Alessandro and Di Febbraro, Mirko and Melchionna, Marina and Carotenuto, Francesco and Castiglione, Silvia and Serio, Carmela and Danisi, Simone and Rook, Lorenzo and Diniz-Filho, Jose Alexandre F. and Raia, Pasquale",10.1111/bor.12380,2019,species,animalia,"4,000",sdm,no,no ,NA,NA,NA,NA
"Climate change, extinction, and Sky Island biogeography in a montane lizard","Wiens, John J. and Camacho, Agustin and Goldberg, Aaron and Jezkova, Tereza and Kaplan, Matthew E. and Lambert, Shea M. and Miller, Elizabeth C. and Streicher, Jeffrey W. and Walls, Ramona L.",10.1111/mec.15073,2019,species,animalia,NA,sdm,yes,no,range lags,"18,000",NA,NA
Climate change and the latitudinal selectivity of ancient marine extinctions,"Reddin, Carl J. and Kocsis, Adam T. and Kiessling, Wolfgang",10.1017/pab.2018.34,2019,species,animalia and plantae,"6,000,000",latitudinal extinction selectivity,no,no,NA,NA,NA,NA
"Thermal specialist ant species have restricted, equatorial geographic ranges: implications for climate change vulnerability and risk of extinction","Diamond, S.E. and Chick, L.D.",10.1111/ecog.03264,2018,species,animalia,NA,thermal tolerance experiment,no,no,NA,NA,NA,NA
Incipient road to extinction of a keystone herbivore in south-eastern Europe: Harting's vole (Microtus hartingi) under climate change,"Krystufek, Boris and Zorenko, Tanya and Bontzorlos, Vasileios and Mahmoudi, Ahmad and Atanasov, Nasko and Ivajnsic, Danijel",10.1007/s10584-018-2259-2,2018,species,animalia,"100,000",sdm,no,no,NA,NA,NA,NA
Survival histories of marsupial carnivores on Australian continental shelf islands highlight climate change and Europeans as likely extirpation factors: implications for island predator restoration,"Peacock, David E. and Fancourt, Bronwyn A. and McDowell, Matthew C. and Abbott, Ian",10.1007/s10531-018-1546-6,2018,species,animalia,"100,000",qualitative,no,no,NA,NA,NA,NA
How to include the impact of climate change in the extinction risk assessment of policy plant species?,"Attorre, Fabio and Abeli, Thomas and Bacchetta, Gianluigi and Farcomeni, Alessio and Fenu, Giuseppe and De Sanctis, Michele and Gargano, Domenico and Peruzzi, Lorenzo and Montagnani, Chiara and Rossi, Graziano and Conti, Fabio and Orsenigo, Simone",10.1016/j.jnc.2018.06.004,2018,species,plantae,30,sdm,no,no,NA,NA,NA,NA
Ocean euxinia and climate change ``double whammy{''} drove the Late Ordovician mass extinction,"Zou, Caineng and Qiu, Zhen and Poulton, Simon W. and Dong, Dazhong and Wang, Hongyan and Chen, Daizhao and Lu, Bin and Shi, Zhensheng and Tao, Huifei",10.1130/G40121.1,2018,assemblage,animalia,"1,500,000",climate proxy evaluation,no,no,NA,NA,NA,NA
Fragmentation of Neanderthals' pre-extinction distribution by climate change,"Melchionna, Marina and Di Febbraro, Mirko and Carotenuto, Francesco and Rook, Lorenzo and Mondanaro, Alessandro and Castiglione, Silvia and Serio, Carmela and Vero, Veronica A. and Tesone, Gianmarco and Piccolo, Martina and Felizola Diniz-Filho, Jose Alexandre and Raia, Pasquale",10.1016/j.palaeo.2018.01.031,2018,species,animalia,"4,000",ensemble modelling sdm,no,no,NA,NA,NA,NA
Climate change may drive cave spiders to extinction,"Mammola, Stefano and Goodacre, Sara L. and Isaia, Marco",10.1111/ecog.02902,2018,species,animalia,"21,000",sdm,no,no,NA,NA,NA,NA
Ecological networks are more sensitive to plant than to animal extinction under climate change,"Schleuning, Matthias and Fruend, Jochen and Schweiger, Oliver and Welk, Erik and Albrecht, Joerg and Albrecht, Matthias and Beil, Marion and Benadi, Gita and Bluethgen, Nico and Bruelheide, Helge and Boehning-Gaese, Katrin and Dehling, D. Matthias and Dormann, Carsten F. and Exeler, Nina and Farwig, Nina and Harpke, Alexander and Hickler, Thomas and Kratochwil, Anselm and Kuhlmann, Michael and Kuehn, Ingolf and Michez, Denis and Mudri-Stojnic, Sonja and Plein, Michaela and Rasmont, Pierre and Schwabe, Angelika and Settele, Josef and Vujic, Ante and Weiner, Christiane N. and Wiemers, Martin and Hof, Christian",10.1038/ncomms13965,2016,assemblage,animalia and plantae,50,sdm and network analysis,no,no,NA,NA,NA,NA
End-Cretaceous extinction in Antarctica linked to both Deccan volcanism and meteorite impact via climate change,"Petersen, S.V. and Dutton, A. and Lohmann, K.C.",10.1038/ncomms12079,2016,species,animalia,"300,000",climate proxy evaluation,no,no,NA,NA,NA,NA
Living on burrowed time: Aestivating fishes in south-western Australia face extinction due to climate change,"Ogston, Garry and Beatty, Stephen J. and Morgan, David L. and Pusey, Bradley J. and Lymbery, Alan J.",10.1016/j.biocon.2016.01.008,2016,species,animalia,30,sdm,no,no,NA,NA,NA,NA
Climate change not to blame for late Quaternary megafauna extinctions in Australia,"Saltre, Frederik and Rodriguez-Rey, Marta and Brook, Barry W. and Johnson, Christopher N. and Turney, Chris S. M. and Alroy, John and Cooper, Alan and Beeton, Nicholas and Bird, Michael I. and Fordham, Damien A. and Gillespie, Richard and Herrando-Perez, Salvador and Jacobs, Zenobia and Miller, Gifford H. and Nogues-Bravo, David and Prideaux, Gavin J. and Roberts, Richard G. and Bradshaw, Corey J. A.",10.1038/ncomms10511,2016,species,animalia,"3,000",multi-model comparison,yes,yes,temporal lag,"2,000",0.9,evidence ratio
"Live Fast, Die Young: Experimental Evidence of Population Extinction Risk due to Climate Change","Bestion, Elvire and Teyssier, Aimeric and Richard, Murielle and Clobert, Jean and Cote, Julien",10.1371/journal.pbio.1002281,2015,population,animalia,2,experimental temperature manipulation,no,no,NA,NA,NA,NA
Conservation of threatened habitat types under future climate change - Lessons from plant-distribution models and current extinction trends in southern Germany,"Buse, J. and Boch, S. and Hilgers, J. and Griebeler, E.M.",10.1016/j.jnc.2015.06.001,2015,species,plantae,60,sdm,no,no,NA,NA,NA,NA
Future habitat loss and extinctions driven by land-use change in biodiversity hotspots under four scenarios of climate-change mitigation,"Jantz, Samuel M. and Barker, Brian and Brooks, Thomas M. and Chini, Louise P. and Huang, Qiongyu and Moore, Rachel M. and Noel, Jacob and Hurtt, George C.",10.1111/cobi.12549,2015,species,animalia and plantae,100,projection of land-use under different scenarios,no,no,NA,NA,NA,NA
"High-precision U-Pb CA-TIMS calibration of Middle Permian to Lower Triassic sequences, mass extinction and extreme climate-change in eastern Australian Gondwana","Metcalfe, I. and Crowley, J. L. and Nicoll, R. S. and Schmitz, M.",10.1016/j.gr.2014.09.002,2015,NA,NA,"6,000,000",dating of events,no,no,NA,NA,NA,NA
Warning times for species extinctions due to climate change,"Stanton, Jessica C. and Shoemaker, Kevin T. and Pearson, Richard G. and Akcakaya, H. Resit",10.1111/gcb.12721,2015,metapopulation,animalia,1,linked niche-demographic models,no,no,NA,NA,NA,NA
American mastodon extirpation in the Arctic and Subarctic predates human colonization and terminal Pleistocene climate change,"Zazula, Grant D. and MacPhee, Ross D. E. and Metcalfe, Jessica Z. and Reyes, Alberto V. and Brock, Fiona and Druckenmiller, Patrick S. and Groves, Pamela and Harington, C. Richard and Hodgins, Gregory W. L. and Kunz, Michael L. and Longstaffe, Fred J. and Mann, Daniel H. and McDonald, H. Gregory and Nalawade-Chavan, Shweta and Southon, John R.",10.1073/pnas.1416072111,2014,species,animalia,NA,dating of fossil specimen,no,no,NA,NA,NA,NA
Evolutionarily significant units in a flightless ground beetle show different climate niches and high extinction risk due to climate change,"Homburg, Katharina and Brandt, Patric and Drees, Claudia and Assmann, Thorsten",10.1007/s10841-014-9685-x,2014,species,animalia,70,sdm,no,no,NA,NA,NA,NA
Persistence versus extinction under a climate change in mixed environments,"Vo, H.-H.",10.1016/j.jde.2015.06.014,2015,species,NA,NA,differential equations,no,no,NA,NA,NA,NA
"Global late Quaternary megafauna extinctions linked to humans, not climate change","Sandom, Christopher and Faurby, Soren and Sandel, Brody and Svenning, Jens-Christian",10.1098/rspb.2013.3254,2014,species,animalia,"21,000",GLM ,no,no,NA,NA,NA,NA
Detecting Extinction Risk from Climate Change by IUCN Red List Criteria,"Keith, David A. and Mahony, Michael and Hines, Harry and Elith, Jane and Regan, Tracey J. and Baumgartner, John B. and Hunter, David and Heard, Geoffrey W. and Mitchell, Nicola J. and Parris, Kirsten M. and Penman, Trent and Scheele, Ben and Simpson, Christopher C. and Tingley, Reid and Tracy, Christopher R. and West, Matt and Akcakaya, H. Resit",10.1111/cobi.12234,2014,species,animalia,80,stochastic population models and dynamic sdm,yes,no,lagged responses to climate change,NA,NA,NA
Life history and spatial traits predict extinction risk due to climate change,"Pearson, Richard G. and Stanton, Jessica C. and Shoemaker, Kevin T. and Aiello-Lammens, Matthew E. and Ersts, Peter J. and Horning, Ned and Fordham, Damien A. and Raxworthy, Christopher J. and Ryu, Hae Yeong and McNees, Jason and Akcakaya, H. Resit",10.1038/NCLIMATE2113,2014,species,animalia,90,coupled ENM with demographic models,no,no,NA,NA,NA,NA
A scenario for impacts of water availability loss due to climate change on riverine fish extinction rates,"Tedesco, Pablo A. and Oberdorff, Thierry and Cornu, Jean-Francois and Beauchard, Olivier and Brosse, Sebastien and Durr, Hans H. and Grenouillet, Gael and Leprieur, Fabien and Tisseuil, Clement and Zaiss, Rainer and Hugueny, Bernard",10.1111/1365-2664.12125,2013,species,animalia,80,projected area loss,no,no,NA,NA,NA,NA
"Tools for integrating range change, extinction risk and climate change information into conservation management","Fordham, Damien A. and Akcakaya, H. Resit and Araujo, Miguel B. and Keith, David A. and Brook, Barry W.",10.1111/j.1600-0587.2013.00147.x,2013,subpopulation,animalia and plantae,80,coupled ENM with demographic models,no,no,NA,NA,NA,NA
Assessing extinction risks under the combined effects of climate change and human disturbance through the analysis of life-history plasticity,"Ureta, Carolina and Martorell, Carlos and Hortal, Joaquin and Fornoni, Juan",10.1016/j.ppees.2012.09.001,2012,population,plantae,50,Integral Projection Models,no,no,NA,NA,NA,NA
On the brink of extinction? How climate change may affect global chelonian species richness and distribution,"Ihlow, Flora and Dambach, Johannes and Engler, Jan O. and Flecks, Morris and Hartmann, Timo and Nekum, Sven and Rajaei, Hossein and Roedder, Dennis",10.1111/j.1365-2486.2011.02623.x,2012,species,animalia,70,sdm,no,no,NA,NA,NA,NA
Plant extinction risk under climate change: are forecast range shifts alone a good indicator of species vulnerability to global warming?,"Fordham, Damien A. and Akcakaya, H. Resit and Araujo, Miguel B. and Elith, Jane and Keith, David A. and Pearson, Richard and Auld, Tony D. and Mellin, Camille and Morgan, John W. and Regan, Tracey J. and Tozer, Mark and Watts, Michael J. and White, Matthew and Wintle, Brendan A. and Yates, Colin and Brook, Barry W.",10.1111/j.1365-2486.2011.02614.x,2012,species,plantae,80,coupled ENM with demographic models,no,no,NA,NA,NA,NA
Vulnerability of the Paper Nautilus (Argonauta nodosa) Shell to a Climate-Change Ocean: Potential for Extinction by Dissolution,"Wolfe, Kennedy and Smith, Abigail M. and Trimby, Patrick and Byrne, Maria",10.1086/BBLv223n2p236,2012,species,animalia,100,experimental shell dissolution,no,no,NA,NA,NA,NA
Contemporary climate change alters the pace and drivers of extinction,"Beever, Erik A. and Ray, Chris and Wilkening, Jenifer L. and Brussard, Peter F. and Mote, Philip W.",10.1111/j.1365-2486.2010.02389.x,2011,species,animalia,110,regression model comparison,no,no,NA,NA,NA,NA
Mass extinction and recovery of the Early Toarcian (Early Jurassic) brachiopods linked to climate change in Northern and Central Spain,"Garcia Joral, Fernando and Gomez, Juan J. and Goy, Antonio",10.1016/j.palaeo.2011.01.023,2011,assemblage,animalia,"4,000,000",qualitative,no,no,NA,NA,NA,NA
Radiation and extinction patterns in Permian floras from North China as indicators for environmental and climate change,"Stevens, Liadan G. and Hilton, Jason and Bond, David P. G. and Glasspool, Ian J. and Jardine, Phillip E.",10.1144/0016-76492010-042,2011,species,plantae,"5,000,000",qualitative,no,no,NA,NA,NA,NA
Climate Change and Elevated Extinction Rates of Reptiles from Mediterranean Islands,"Foufopoulos, Johannes and Kilpatrick, A. Marm and Ives, Anthony R.",10.1086/657624,2011,species,animalia,"16,000",qualitative,no,no,NA,NA,NA,NA
`Tales of Symphonia': extinction dynamics in response to past climate change in Madagascan rainforests,"Virah-Sawmy, Malika and Bonsall, Michael B. and Willis, Katherine J.",10.1098/rsbl.2009.0428,2009,population,plantae,"1,500",qualitative,no,no,NA,NA,NA,NA
Climate change and translocations: The potential to re-establish two regionally-extinct butterfly species in Britain,"Carroll, Matthew J. and Anderson, Barbara J. and Brereton, Tom M. and Knight, Sarah J. and Kudrna, Ottakar and Thomas, Chris D.",10.1016/j.biocon.2009.04.010,2009,species,animalia,40,GAMs,no,no,NA,NA,NA,NA
Predicting extinction risks under climate change: coupling stochastic population models with dynamic bioclimatic habitat models,"Keith, David A. and Akcakaya, H. Resit and Thuiller, Wilfried and Midgley, Guy F. and Pearson, Richard G. and Phillips, Steven J. and Regan, Helen M. and Araujo, Miguel B. and Rebelo, Tony G.",10.1098/rsbl.2008.0049,2008,population,plantae,40,coupled ENM with demographic models,no,no,NA,NA,NA,NA
The impact of climate change on large mammal distribution and extinction: Evidence from the last glacial/interglacial transition,"Lister, A.M. and Stuart, A.J.",10.1016/j.crte.2008.04.001,2008,species,animalia,"15,000",qualitative,no,no,NA,NA,NA,NA
One-third of reef-building corals face elevated extinction risk from climate change and local impacts,"Carpenter, Kent E. and Abrar, Muhammad and Aeby, Greta and Aronson, Richard B. and Banks, Stuart and Bruckner, Andrew and Chiriboga, Angel and Cortes, Jorge and Delbeek, J. Charles and DeVantier, Lyndon and Edgar, Graham J. and Edwards, Alasdair J. and Fenner, Douglas and Guzman, Hector M. and Hoeksema, Bert W. and Hodgson, Gregor and Johan, Ofri and Licuanan, Wilfredo Y. and Livingstone, Suzanne R. and Lovell, Edward R. and Moore, Jennifer A. and Obura, David O. and Ochavillo, Domingo and Polidoro, Beth A. and Precht, William F. and Quibilan, Miledel C. and Reboton, Clarissa and Richards, Zoe T. and Rogers, Alex D. and Sanciangco, Jonnell and Sheppard, Anne and Sheppard, Charles and Smith, Jennifer and Stuart, Simon and Turak, Emre and Veron, John E. N. and Wallace, Carden and Weil, Ernesto and Wood, Elizabeth",10.1126/science.1159196,2008,species,animalia,10,IUCN red list assessment,no,no,NA,NA,NA,NA
"Climate change, humans, and the extinction of the woolly mammoth","Nogues-Bravo, David and Rodriguez, Jesus and Hortal, Joaquin and Batra, Persaram and Araujo, Miguel B.",10.1371/journal.pbio.0060079,2008,species,animalia,"15,000",climate envelope model and a dynamic population model,no,no,NA,NA,NA,NA
"Climate change, elevational range shifts, and bird extinctions","Sekercioglu, Cagan H. and Schneider, Stephen H. and Fay, John P. and Loarie, Scott R.",10.1111/j.1523-1739.2007.00852.x,2008,species,animalia,90,GLM,no,no,NA,NA,NA,NA
Is climate change contributing to range reductions and localized extinctions in northern (Haliotis kamtschatkana) and flat (Haliotis walallensis) abalones?,"Rogers-Bennett, Laura",NA,2007,species,animalia,30,revisiting survey,no,no,NA,NA,NA,NA
Scenarios of freshwater fish extinctions from climate change and water withdrawal,"Xenopoulos, MA and Lodge, DM and Alcamo, J and Marker, M and Schulze, K and Van Vuuren, DP",10.1111/j.1365-2486.2005.001008.x,2005,species,animalia,65,LM ,yes,no,temporal lag between discharge change and response of species,NA,NA,NA
"Ecological niches as stable distributional constraints on mammal species, with implications for Pleistocene extinctions and climate change projections for biodiversity","Martinez-Meyer, E and Townsend Peterson, A and Hargrove, WW",10.1111/j.1466-822X.2004.00107.x,2004,species,animalia,"18,000",sdm,no,no,NA,NA,NA,NA
Extinction risk from climate change,"Thomas, CD and Cameron, A and Green, RE and Bakkenes, M and Beaumont, LJ and Collingham, YC and Erasmus, BFN and de Siqueira, MF and Grainger, A and Hannah, L and Hughes, L and Huntley, B and van Jaarsveld, AS and Midgley, GF and Miles, L and Ortega-Huerta, MA and Peterson, AT and Phillips, OL and Williams, SE",10.1038/nature02121,2004,species,animalia and plantae,45,sdm,no,no,NA,NA,NA,NA
Thresholds of temperature change for mass extinctions,"Song, H. and Kemp, D.B. and Tian, L. and Chu, D. and Song, H. and Dai, X.",10.1038/s41467-021-25019-2,2021,genus,animalia and plantae,"6,000,000",correlation,no,no,NA,NA,NA,NA
End-Permian marine extinction due to temperature-driven nutrient recycling and euxinia,"HÃƒÂ¼lse, D. and Lau, K.V. and van de Velde, S.J. and Arndt, S. and Meyer, K.M. and Ridgwell, A.",10.1038/s41561-021-00829-7,2021,NA,NA,"100,000",climate proxy evaluation,no,no,NA,NA,NA,NA
"Biotic impacts of temperature before, during, and after the end-Permian extinction: A multi-metric and multi-scale approach to modeling extinction and recovery dynamics","Petsios, Elizabeth and Thompson, Jeffrey R. and Pietsch, Carlie and Bottjer, David J.",10.1016/j.palaeo.2017.08.038,2019,genus,animalia,"6,000,000",GLM,no ,no,NA,NA,NA,NA
"Deccan volcanism caused coupled pCO(2) and terrestrial temperature rises, and pre-impact extinctions in northern China","Zhang, Laiming and Wang, Chengshan and Wignall, Paul B. and Kluge, Tobias and Wan, Xiaoqiao and Wang, Qian and Gao, Yuan",10.1130/G39992.1,2018,species,animalia and plantae,"2,000,000",climate proxy evaluation,yes,no,destabilisation before Chicxulub impact,NA,NA,NA
Neotethys seawater chemistry and temperature at the dawn of the end Permian mass extinction,"Garbelli, Claudio and Angiolini, Lucia and Brand, Uwe and Shen, Shu-zhong and Jadoul, Flavio and Posenato, Renato and Azmy, Karem and Cao, Chang-qun",10.1016/j.gr.2015.05.012,2016,species,animalia,"88,000",climate proxy evaluation,no,no,NA,NA,NA,NA
"A delayed end-Permian extinction in deep-water locations and its relationship to temperature trends (Bianyang, Guizhou Province, South China)","Jiang, Haishui and Joachimski, Michael M. and Wignall, Paul B. and Zhang, Muhui and Lai, Xulong",10.1016/j.palaeo.2015.10.002,2015,species,animalia,"60,000",climate proxy evaluation,no,no,NA,NA,NA,NA
Revisiting the past to foretell the future: summer temperature and habitat area predict pika extirpations in California,"Stewart, Joseph A. E. and Perrine, John D. and Nichols, Lyle B. and Thorne, James H. and Millar, Constance I. and Goehring, Kenneth E. and Massing, Cody P. and Wright, David H.",10.1111/jbi.12466,2015,population,animalia,65,sdm,no,no,NA,NA,NA,NA
Biotic vs. Abiotic Control of Decomposition: A Comparison of the Effects of Simulated Extinctions and Changes in Temperature,"Boyero, Luz and Cardinale, Bradley J. and Bastian, Mikis and Pearson, Richard G.",10.1371/journal.pone.0087426,2014,species,animalia and plantae,0.02739726,laboratory experiment,no,no,NA,NA,NA,NA
Palaeotethys seawater temperature rise and an intensified hydrological cycle following the end-Permian mass extinction,"Schobben, Martin and Joachimski, Michael M. and Korn, Dieter and Leda, Lucyna and Korte, Christoph",10.1016/j.gr.2013.07.019,2014,species,animalia,"1,000,000",climate proxy evaluation,no,no,NA,NA,NA,NA
EFFECTS OF TEMPERATURE AND COPPER POLLUTION ON SOIL COMMUNITY-EXTREME TEMPERATURE EVENTS CAN LEAD TO COMMUNITY EXTINCTION,"Menezes-Oliveira, Vanessa B. and Scott-Fordsmand, Janeck J. and Soares, Amadeu M. V. M. and Amorim, Monica J. B.",10.1002/etc.2345,2013,population,animalia,0.230137,mesocosm experiment,no,no,NA,NA,NA,NA
"Oligocene-Miocene extinction and geographic restriction of Caribbean corals: roles of turbidity, temperature, and nutrients","Edinger, E.N. and Risk, M.J.",10.2307/3515129,1994,genus,animalia,"8,000,000",qualitative,no,no,NA,NA,NA,NA
Climate change pushes an economic insect to the brink of extinction: A case study for Cyamophila astragalicola in Iran,"Ghasemi, Saeid. and Malekian, Mansoureh and Tarkesh, Mostafa",10.1111/jzs.12527,2021,species,animalia,50,ENM,no,no,NA,NA,NA,NA
The role of temperature in the initiation of the end-Triassic mass extinction,"Petryshyn, Victoria A. and Greene, Sarah E. and Farnsworth, Alex and Lunt, Daniel J. and Kelley, Anne and Gammariello, Robert and Ibarra, Yadira and Bottjer, David J. and Tripati, Aradhna and Corsetti, Frank A.",10.1016/j.earscirev.2020.103266,2020,NA,NA,"80,000",climate proxy evaluation,yes,no,initial global cooling in combination with warming,NA,NA,NA
"Thermal ecology and extinction risk due to climate change of Gonatodes concinnatus (Squamata: Sphaerodactylidae), an endemic lizard from western Amazonia","Altamirano-Benavides, Marco A. and Dominguez-Guerrero, Saul F. and Munoz-Nolasco, Francisco J. and Arenas-Moreno, Diego M. and Santos-Bibiano, Rufino and Gomez-Trejo Perez, Raul and Lozano-Aguilar, Luis E. and Fierro-Estrada, Natalia and Gandarilla-Aizpuro, Fabiola J. and Woolrich-Pina, Guillermo A. and Martinez-Mendez, Norberto and Lara-Resendiz, Rafael A. and Mendez-de la Cruz, Fausto R.",10.22201/ib.20078706e.2019.90.2824,2019,population,animalia,50,coupled ENM with demographic models,no,no,NA,NA,NA,NA
Critical shifts on spatial traits and the risk of extinction of Andean anurans: an assessment of the combined effects of climate and land-use change in Colombia,"Jose Agudelo-Hz, William and Urbina-Cardona, Nicolas and Armenteras-Pascual, Dolors",10.1016/j.pecon.2019.11.002,2019,species,animalia,30,sdm,no,no,NA,NA,NA,NA
Extinction risk from climate change is reduced by microclimatic buffering,"Suggitt, Andrew J. and Wilson, Robert J. and Isaac, Nick J. B. and Beale, Colin M. and Auffret, Alistair G. and August, Tom and Bennie, Jonathan J. and Crick, Humphrey Q. P. and Duffield, Simon and Fox, Richard and Hopkins, John J. and Macgregor, Nicholas A. and Morecroft, Mike D. and Walker, Kevin J. and Maclean, Ilya M. D.",10.1038/s41558-018-0231-9,2018,species,animalia and plantae,40,generalized estimating equations,no,no,NA,NA,NA,NA
Climate change frames debate over the extinction of megafauna in Sahul (Pleistocene Australia-New Guinea),"Wroe, Stephen and Field, Judith H. and Archer, Michael and Grayson, Donald K. and Price, Gilbert J. and Louys, Julien and Faith, J. Tyler and Webb, Gregory E. and Davidson, Iain and Mooney, Scott D.",10.1073/pnas.1302698110,2013,species,animalia,"400,000",qualitative,no,no,NA,NA,NA,NA
WHAT CAN WE LEARN FROM EXTINCTIONS AND INVASIONS ABOUT THE EFFECTS OF CLIMATE CHANGE,"BOND, WJ and RICHARDSON, DM",,1990,species,plantae,NA,qualitative,no,no,NA,NA,NA,NA